{
	"pages": [ //pages数组中第一项表示应用启动页，参考：https://uniapp.dcloud.io/collocation/pages
		{
			"path": "pages/index/index",
			"style": {
				"navigationBarTitleText": "博客笔录",
				"enablePullDownRefresh": true
			}
		},
		{
			"path" : "pages/add/add",
			"style" : 
			{
				"navigationBarTitleText" : "新增文章",
				"enablePullDownRefresh" : false
			}
		},
		{
			"path" : "pages/edit/edit",
			"style" : 
			{
				"navigationBarTitleText" : "修改文章",
				"enablePullDownRefresh" : false
			}
		},
		{
			"path" : "pages/detial/detial",
			"style" : 
			{
				"navigationBarTitleText" : "详情页",
				"enablePullDownRefresh" : false
			}
		},
		{
			"path" : "pages/about/about",
			"style" : 
			{
				"navigationBarTitleText" : "我的",
				"enablePullDownRefresh" : false
			}
		},
		{
			"path" : "pages/aboutme/aboutme",
			"style" : 
			{
				"navigationBarTitleText" : "",
				"enablePullDownRefresh" : false
			}
		},
		{
			"path" : "pages/login/login",
			"style" : 
			{
				"navigationBarTitleText" : "",
				"enablePullDownRefresh" : false
			}
		},
		{
			"path" : "pages/privacy/privacy",
			"style" : 
			{
				"navigationBarTitleText" : "",
				"enablePullDownRefresh" : false
			}
		},
		{
			"path" : "pages/register/register",
			"style" : 
			{
				"navigationBarTitleText" : "",
				"enablePullDownRefresh" : false
			}
		},
		{
			"path" : "pages/service/service",
			"style" : 
			{
				"navigationBarTitleText" : "",
				"enablePullDownRefresh" : false
			}
		},
		{
			"path" : "pages/useragreement/useragreement",
			"style" : 
			{
				"navigationBarTitleText" : "",
				"enablePullDownRefresh" : false
			}
		},
		{
			"path" : "pages/search/search",
			"style" : 
			{
				"navigationBarTitleText" : "搜索",
				"enablePullDownRefresh" : false
			}
		}
	
	],
	"globalStyle": {
		"navigationBarTextStyle": "black",
		"navigationBarTitleText": "我的博客",
		"navigationBarBackgroundColor": "#269939",
		"backgroundColor": "#F8F8F8"
	},
	"uniIdRouter": {},
	"tabBar": {
		"list": [
			{
				"text": "首页",
				"pagePath": "pages/index/index",
				"iconPath": "/static/images/home.png",
				"selectedIconPath": "static/images/home-h.png",
				"iconfont": {
					"color": "#ffffff",
					"selectedColor": "#2b9939"
				}
			},
			{
				"text": "发布",
				"pagePath": "pages/add/add",
				"iconPath": "/static/image/发布1.png",
				"selectedIconPath": "static/image/发布1.png",
				"iconfont": {
					"color": "#ffffff",
					"selectedColor": "#2b9939"
				}
			},
			{
				"text": "个人",
				"pagePath": "pages/about/about",
				"iconPath": "static/images/user.png",
				"selectedIconPath": "static/images/user-h.png",
				"iconfont": {
					"color": "#ffffff",
					"selectedColor": "#2b9939"
				}
			}
			
		]
	}
}
